N°,Funcionalidad / Proceso,Detalle,Fuente interno/DM,Invalidante Si/No,Cat. Error,Severidad,Requiere desarrollo,Respaldo en IC,Observación IC (Intención de Compra),Evidencia (imagen),Log de error,Fecha revisión,hh PO,hh Analista,hh Arquitecto,hh Desarrollador,hh UX/UI,hh QA,hh Total,Tiempo de desarollo,Justificación,Módulos afectados,Justificación,Riesgo de regresión,Justificación,Complejidad técnica de integración,Justificación,Complejidad de gestión externa,Justificación,Complejidad técnica del desarrollo,Justificación,Puntaje total,Asignación propuesta,Prioridad piloto Odoo,Justificación priorización,Tipo de desarollo,Mejora propuesta
1,Solicitud de Pedido (Borrador),"Campo formulario ""Rubro del bien/servicio"" necesitan estar precargados?",Interno,No,Elementos faltantes,Menor,A evaluar,,,,,04/06,8,16,16,40,8,8,96,3,Total ~132 hh: rango 120-320 hh. Modelo jerárquico nuevo + importación + mantenedor + UI con widget custom.,3,"Adquisiciones, Inventario, Contabilidad (modelo de producto compartido).",3,Cambio al modelo de datos compartido entre módulos.,1,API pública de Mercado Público (si está disponible); cliente HTTP simple.,2,Requiere acuerdo o coordinación formal con ChileCompra.,4,Diseño arquitectónico nuevo (modelo jerárquico auto-referencial + mantenedor).,16,Licitación,P3 · Postergar a nuevo stack,"El catálogo de productos exige decisión arquitectónica (modelo jerárquico) que en Odoo arrastra deuda técnica entre módulos. Resolverlo bien en el nuevo stack es más eficiente que parchar Odoo. Para el piloto, el actual campo libre es viable con un catálogo municipal mínimo cargado manualmente. Campo descripción de producto podría tener un renombrado tras asignar ID de Mercado Público con valor desde esa plataforma.","Cambio estructural al modelo `AdquisicionesRubroBien`. El modelo actual solo tiene los campos name, description y order; debe evolucionar a un modelo tipo árbol auto-referencial usando `_parent_store` de Odoo (campo parent_id), o crearse un modelo relacionado nuevo para las jerarquías. Carga inicial desde catálogo ChileCompra (sujeto a disponibilidad de API). Mantenedor municipal para casos no contemplados.","Catálogo de productos jerárquico (Giros / Rubros / Familias / Productos) precargado desde el catálogo oficial de ChileCompra. Campos mínimos del Producto: Código, Familia, Descripción, Unidad de Medida, Cuenta Contable, marcador Stock/Específico, Impuestos Adicionales. Selector con autocompletado y navegación por path. Mantenedor municipal para compras menores a 3 UTM no contempladas en el catálogo central."
2,Solicitud de Pedido (Borrador),"UI de pestaña de ""Detalle de bienes y/o servicios"" necesita acomodar el ancho de las columnas",Interno,No,Visibilidad,Menor,A evaluar,,,,,04/06,1,1,0,8,2,2,14,1,Total ~14 hh: rango <16 hh. Ajuste de vista XML; si Odoo no responde puede requerir componente custom.,1,Solo vista de Adquisiciones.,1,Solo cambio de vista XML.,0,Sin integración.,0,Sin gestión externa.,2,Desarrollo XML/vista; eventualmente componente custom si auto-fit de Odoo no responde.,5,Interno,P2 · UX deseable,"Problema de usabilidad confirmado empíricamente (Cursor no logró ajuste estándar), pero no bloqueante para piloto. Si el ajuste simple no funciona, evaluar si compensa componente custom o postergar al nuevo stack.","Ajuste de vista XML en el modelo de líneas de SOLPED (tree/list view); modificar atributos de columna y eventualmente CSS adicional. Si Odoo no responde al ajuste estándar (confirmado empíricamente), evaluar componente OWL custom como alternativa.","Redefinir los anchos de columna según el tipo de dato: columnas estrechas para cantidades, código y subtotal; columnas amplias para descripción del producto. Habilitar scroll horizontal cuando el contenido excede el ancho disponible. Idealmente, permitir al usuario ajustar y guardar preferencias de columna."
3,Solicitud de Pedido (Borrador),"""Documentos adjuntos"" a qué corresponde? cotizaciones? Debería ser obligatorio?",Interno,No,Retroalimentación,Moderado,A evaluar,,,,,,2,2,0,4,2,2,12,1,Total ~12 hh: rango <16 hh. Tooltip + obligatoriedad condicional.,1,Solo Adquisiciones.,2,Lógica acotada (reglas de obligatoriedad).,0,Sin integración.,0,Sin gestión externa.,2,Desarrollo XML/vista + reglas simples.,6,Interno,P2 · UX deseable,Mejora de usabilidad y trazabilidad documental. No bloquea piloto pero su ausencia genera SOLPED sin respaldo obligatorio cuando debería tenerlo (art. 10 Reglamento Ley 19.886).,"Modificación de vista XML para agregar texto de ayuda (tooltip / help text) en el widget de adjuntos. Reglas de obligatoriedad condicional según tipo de compra o monto, implementadas como atributos `required` dinámicos en la vista o validaciones `@api.constrains` en el modelo.","Especificar en la UI qué tipos de documento se esperan (cotizaciones, fichas técnicas, autorizaciones previas, certificados de disponibilidad). Definir obligatoriedad según modalidad de compra siguiendo el Reglamento de la Ley 19.886 (ejemplo: mínimo 3 cotizaciones para Trato Directo según art. 10)."
4,General,A nivel municipal hay un itemizado de productos disponibles por ejemplo en bodega? Quizás una unidad requiriente primero debe verificar existencias locales de un producto antes de SOLPED,Interno,,,Crítico,,Sí,"Anexo N°12 - tarea 19.2.2.
""Los funcionarios de abastecimiento y suministros realizan una solicitud de reposición para verificar que las mercancías están en el nivel de reposición o se han terminado."" No existe esta verificación en el flujo actual.",,,,4,4,0,0,0,0,8,1,"Total ~8 hh: definición funcional pendiente; no es desarrollo, es decisión de alcance.",1,"Pregunta sobre Inventario, sin desarrollo aún.",1,Sin desarrollo pendiente.,0,Sin integración.,0,Sin gestión externa.,1,Requiere levantamiento con DM y municipios antes de definir desarrollo.,4,Por evaluar,P2 · UX deseable,"Pregunta exploratoria, no es bug. Probablemente parte del lote del catálogo de productos (ítem 1). Requiere levantamiento previo con DM y municipios sobre uso real de Inventario.",Levantamiento funcional previo al desarrollo: validar con DM y municipios si el flujo de SOLPED debe consultar primero la existencia en Bodega (módulo Inventario) antes de generar la solicitud externa. Eventualmente se traduce en cambio de modelo (relación SOLPED ↔ Inventario) y de flujo (paso previo de verificación).,"Antes de procesar una SOLPED, el sistema debe verificar si el producto solicitado existe en Inventario municipal. Si existe stock disponible, ofrecer al solicitante la opción de retirar de Bodega en lugar de iniciar una compra externa. Si el ítem no es de stock o no hay disponibilidad, continuar con el flujo normal."
5,Solicitud de Pedido (Enviado a revisión),"Pestaña ""Seguimiento de firmas"" tiene un checkbox con usuarios. Dónde se verifica esto? son firmas electrónicas o manuales? de qué documento? O corresponde a las firmas que deben exigirse más adelante?",Interno,No,Retroalimentación,Crítico,A evaluar,,,,,,4,6,2,16,8,6,42,3,Total ~42 hh: rango 40-120 hh. Rediseño pestaña + estados de firma.,1,Solo Adquisiciones; la integración FirmaGob misma vive en ítem 7.,3,Cambio en motor de seguimiento de firmas.,0,La integración misma vive en el ítem 7.,0,Sin gestión externa propia.,3,Desarrollo Python estándar (modelo de firma + vista timeline).,10,Licitación,P1 · Control interno crítico,"Conectado al ítem 7 (FirmaGob). Sin claridad sobre tipo de firma esperada, las auditorías no pueden verificar el circuito de aprobación. Lote junto con ítem 7.","Rediseño de la pestaña de seguimiento de firmas: distinguir explícitamente firmas electrónicas (con integración a FirmaGob, ver ítem #7) de visados internos. Modelo de seguimiento con estados por interviniente, fecha de firma, documento de respaldo. Vista tipo timeline con indicadores claros de estado.","Pestaña que muestre, por cada interviniente del proceso: tipo de firma esperada (electrónica avanzada / electrónica simple / visado manual), estado actual (pendiente / firmada / rechazada), fecha y hora de cada firma, y documento de respaldo cuando corresponda. Indicador visual de avance del circuito de firma."
6,Solicitud de Pedido (Enviado a revisión),"No están claramente identificados los intervinientes, ni cómo asignarlos. Podría ser campo Responsable pero no tiene filtros por unidad, se podría asignar cualquier persona dentro del sistema",Interno,No,Retroalimentación,Moderado,A evaluar,,,,,,2,4,2,12,4,4,28,2,Total ~28 hh: rango 16-40 hh. Filtro + eventual modelo usuario-unidad si no existe.,2,Adquisiciones + módulo Usuarios/RRHH.,3,Posible cambio al modelo usuario-unidad si no existe.,0,Sin integración.,0,Sin gestión externa.,3,Desarrollo Python estándar; eventualmente modelo nuevo.,10,Por evaluar,P2 · UX deseable,Depende de si el modelo usuario-unidad ya existe en SGM. Si existe: P2/Interno. Si debe construirse: sube a P3 porque es decisión arquitectónica que afecta múltiples módulos.,"Agregar dominio (filtro) al campo many2one de Responsable / Intervinientes para restringir la selección a usuarios de la unidad/departamento del solicitante. Si la relación usuario-unidad no existe formalmente en el modelo, modelarla (extender res.users o hr.employee con campo unidad_id).","Restringir la selección de intervinientes (Responsable, Aprobador, Validador) a usuarios pertenecientes a la unidad solicitante o a unidades válidas según el tipo de proceso. Mostrar junto al nombre el rol o cargo del usuario al momento de seleccionarlo. Evitar la asignación a usuarios sin vínculo organizacional al proceso."
7,Solicitud de Pedido (Enviado a revisión),"Cada proceso se declara como ""Aprobado"" cuando permite imprimir un documento final. Sin embargo, no hay firmas electrónicas ni exige subir algún medio de verificación con las firmas manuales que cierre el proceso",Interno,No,Flujo,Crítico,A evaluar,Sí,"Anexo N°13 - punto 1.4 letra a
""Las solicitudes de pedido deben ser aprobadas electrónicamente por las distintas unidades que lo aprueban"". Se puede ""aprobar"" sin ninguna verificación real.",,,,16,24,24,100,16,24,204,4,Total ~204 hh: rango 120-320 hh. Integración FirmaGob completa con cumplimiento normativo.,4,"Adquisiciones, Contabilidad, Tesorería, RRHH y todos los procesos con aprobación.",4,Motor de aprobaciones; cambio transversal al núcleo del flujo.,2,"API FirmaGob con autenticación compleja (PKCS7, certificados).",3,Cumplimiento normativo (Ley 19.799 firma electrónica avanzada).,4,Diseño arquitectónico nuevo (motor de firmas + auditoría + integración).,21,Licitación,P1 · Control interno crítico,"Sin firma electrónica real, las aprobaciones no son legalmente vinculantes. Exposición directa ante Contraloría. Como alternativa intermedia para piloto, exigir adjunto obligatorio de visación manual con auditoría usuario/fecha. La integración FirmaGob completa va al nuevo stack.","Integración con FirmaGob (firma electrónica avanzada del Estado): cliente HTTP custom, manejo de PKCS7, gestión de tokens, certificados. Conectar con el motor de estados de Odoo para que la transición a Aprobado requiera firmas válidas. Como alternativa intermedia para piloto: exigir adjunto obligatorio de documento de visación firmado manualmente con auditoría (usuario, fecha y hora del cambio de estado).","Integrar FirmaGob para firma electrónica avanzada de los documentos formales del proceso (SOLPED aprobada, Resolución de Compra, Recepción Conforme). Conforme a la Ley 19.799, las firmas deben tener trazabilidad, integridad y no repudio. Como medida transitoria mientras se desarrolla la integración: bloquear el cambio de estado a Aprobado a menos que se adjunte documento firmado manualmente, con registro auditable."
8,Disponibilidad presupuestaria,"Las validaciones solo exigen cuadrar el ""Monto"" contra la SOLPED, pero de dónde viene la disponibilidad presupuestaria?",Interno,No,Flujo,Crítico,A evaluar,Sí,"Anexo N°12 -  tarea 23.2.3.
""Cualquier compra debe contar con disponibilidad presupuestaria y se debe generar un certificado de disponibilidad"". La validación presupuestaria no tiene origen claro y la alerta llega tarde.",,,,4,6,4,24,8,8,54,3,Total ~54 hh: rango 40-120 hh. Trazabilidad UI + lógica de validación.,2,Adquisiciones + Presupuestos.,4,Cambio en motor de validación bloqueante del flujo presupuestario.,0,Integración interna entre módulos SGM.,0,Sin gestión externa.,3,Desarrollo Python estándar (consulta + lógica de validación + vista).,12,Por evaluar,P1 · Control interno crítico,"Sin trazabilidad del cálculo de disponibilidad presupuestaria, no se puede auditar el control de gasto. Prerrequisito para que el piloto sea defendible ante Contraloría.","Mostrar trazabilidad del cálculo de disponibilidad presupuestaria: cuenta de imputación, saldo disponible al momento de la consulta, monto comprometido por otras SOLPED en curso, monto solicitado y saldo proyectado. Vista expandible o panel lateral con enlace al módulo de Presupuestos para auditar los movimientos.","Cuando se valida la disponibilidad presupuestaria, mostrar al usuario el detalle completo del cálculo: cuenta presupuestaria de imputación, saldo actual disponible, monto comprometido por otras SOLPED del mismo período, monto solicitado en esta operación y saldo proyectado tras la imputación. Validación bloqueante si el saldo proyectado es insuficiente, con opción de solicitar financiamiento a DAF."
9,Disponibilidad presupuestaria,"Un perfil con permisos de ""Administrador CDP"" en ajustes, necesario para generar CDP, también puede aprobar el proceso.",Interno,No,Flujo,Moderado,A evaluar,Sí,,,,,2,2,0,6,1,3,14,1,Total ~14 hh: separación de permisos.,1,Solo módulo de permisos en Adquisiciones.,3,Cambio en sistema de permisos.,0,Sin integración.,0,Sin gestión externa.,2,Ajuste en record rules + grupos.,7,Interno,P1 · Control interno crítico,Conflicto de roles: quien genera el CDP no debería poder aprobarlo. Es un control interno básico que Contraloría exige (segregación de funciones).,Refactor del sistema de permisos (ir.model.access + record rules + grupos Odoo): separar el rol que genera el CDP del rol que lo aprueba. Esto puede requerir definir nuevos grupos y revisar la matriz transversal de roles del proyecto.,"Implementar segregación de funciones: el usuario que genera el Certificado de Disponibilidad Presupuestaria (CDP) no debe ser el mismo que lo aprueba. Crear roles separados ""Generador CDP"" y ""Aprobador CDP"" con grupos Odoo distintos y validación bloqueante en el cambio de estado."
10,Disponibilidad presupuestaria,"Se genera el error ""Operación no válida. No se pueden modificar los campos cuando el certificado no está en borrador."" pero no estoy modificando nada. El problema es es que quien estaba asignado a autorizar es otra persona, pero el error es incorrecto.",Interno,No,Flujo,Moderado,A evaluar,Sí,,,,,1,1,0,3,1,2,8,1,Total ~8 hh: mejorar mensaje de error y condiciones de bloqueo.,1,Solo Adquisiciones.,2,Lógica acotada (mensaje + condición de modificación).,0,Sin integración.,0,Sin gestión externa.,2,Ajuste de vista + mensaje + lógica de estado.,6,Interno,P2 · UX deseable,Mejora de retroalimentación al usuario. No bloquea el piloto.,"Mejorar el mensaje de error y revisar las condiciones de bloqueo del estado borrador: identificar qué campos están bloqueados y por qué, mostrar al usuario un mensaje específico en lugar de uno genérico.","Cuando el sistema bloquea la modificación de un certificado fuera del estado borrador, el mensaje debe explicar al usuario qué campo intentó modificar, por qué está bloqueado y qué debe hacer para destrabar (por ejemplo, retornar el documento al estado borrador con permisos adecuados)."
11,Preobligación,Se genera una preobligación sin contrastar saldos con presupuestos,Interno,No,Flujo,Crítico,A evaluar,Sí,"Anexo N°13 - punto 1.1 (Contabilidad) Requerimientos funcionales ítem 8
""No permitir obligaciones sin saldo de presupuesto"", ""Que además de generar un cuadro de notificación (Warning) cuando existan unas diferencias de saldo, que no permite avanzar.""",,,,4,4,2,8,2,4,24,2,Total ~24 hh: validación bloqueante de saldo.,2,Adquisiciones + Presupuestos.,4,Motor de validación presupuestaria; cambio en núcleo del flujo.,0,Integración interna.,0,Sin gestión externa.,3,Desarrollo Python estándar con validación bloqueante.,11,Interno,P0 · Crítico para piloto,"Generar una preobligación sin contrastar saldos es exactamente el tipo de falla que hace fracasar el piloto. Sin esto, el control presupuestario es ficción.","Agregar validación bloqueante al momento de generar una Preobligación: consultar el saldo disponible en el módulo de Presupuestos y comparar contra el monto a comprometer. Si excede el saldo, bloquear la generación con mensaje claro y registro auditable.","Antes de generar una Preobligación, el sistema debe consultar el saldo disponible de la cuenta presupuestaria asignada y validar que el monto a comprometer no lo exceda. Si excede, bloquear la operación, informar el monto disponible y el monto solicitado, y ofrecer canalizar una solicitud de financiamiento a DAF."
12,Modalidad de compra (Elaboración),"""Criterios y requisitos"" no varía según ""Tipo de Compra"". Validar con DM. Podría tener restricciones de diverso tipo, por ejemplo si excede de 1000 UTM solo permite Licitación",Interno,No,Flujo,Crítico,A evaluar,Sí,"Anexo N°12 - tareas 21 a 24
Se distinguen 4 tipos de compra: Licitación, Trato Directo, Convenio Marco y Compra Agil. Cada una tiene validaciones y flujos distintos.",,,,4,8,2,12,4,6,36,2,Total ~36 hh: lógica condicional por tipo de compra.,1,Solo Adquisiciones.,2,Lógica acotada.,0,Sin integración.,0,"Sin gestión externa, pero requiere validación con DM.",3,Desarrollo Python estándar con reglas condicionales por tipo.,8,Por evaluar,P2 · UX deseable,"Requiere primero validar con DM qué restricciones aplican por tipo. Mejora deseable, no bloquea piloto.","Implementar campos dinámicos en el formulario de Modalidad de Compra: el conjunto de criterios y requisitos a desplegar varía según el tipo de compra seleccionado (Compra Ágil, Convenio Marco, Licitación, Trato Directo). Reglas condicionales en la vista y validaciones por tipo. Requiere validación funcional previa con DM.","Los criterios y requisitos asociados a una compra deben variar según el tipo de compra elegido, respetando el Reglamento de la Ley 19.886. Por ejemplo: Licitación exige criterios técnicos y económicos ponderados; Trato Directo exige justificación legal y mínimo de cotizaciones; Compra Ágil tiene umbrales máximos. Para montos que superen un umbral por tipo, exigir validaciones adicionales (autorización Alcalde, decreto, etc.)."
13,Modalidad de compra (Elaboración),"""Criterios y requisitos"" no es obligatorio. No permite una estructura que refleje las complejidades de un Tipo de Compra",Interno,No,Elementos faltantes,Moderado,A evaluar,,,,,,1,2,0,4,1,2,10,1,Total ~10 hh: obligatoriedad condicional.,1,Solo Adquisiciones.,2,Lógica acotada.,0,Sin integración.,0,Sin gestión externa.,2,Cambio de vista + regla de obligatoriedad.,6,Interno,P2 · UX deseable,Conectado al ítem 12. Lote conjunto.,"Marcar el campo ""Criterios y requisitos"" como obligatorio según el tipo de compra. Agregar estructura mínima esperada (subcampos por criterio, ponderación si aplica). Implica cambios en vista y eventualmente en modelo si requiere subcampos relacionados.","Cuando el tipo de compra exige criterios formales (Licitación, Trato Directo), el campo Criterios y Requisitos debe ser obligatorio y permitir una estructura que refleje las complejidades del tipo: criterios técnicos, criterios económicos, ponderaciones, requisitos formales y de admisibilidad. Para tipos más simples (Compra Ágil), bastar con texto libre o estructura mínima."
14,Modalidad de compra (Revisión),"Aparece una pestaña ""Decreto"". Qué decreto? de autorización de compra, de publicación de compra? Quién lo aprueba?",Interno,No,Retroalimentación,Moderado,A evaluar,,,,,,1,2,0,2,2,1,8,1,Total ~8 hh: clarificación de pestaña.,1,Solo Adquisiciones.,1,Solo cambio de vista y etiquetas.,0,Sin integración.,0,Sin gestión externa.,2,Cambio XML + textos de ayuda.,5,Interno,P2 · UX deseable,Falta de contexto en UI. Mejora de retroalimentación.,"Cambio de vista XML para clarificar la pestaña Decreto: agregar texto de ayuda explicando a qué decreto se refiere, quién lo emite, quién lo aprueba. Eventualmente, modelado más explícito (campo Tipo de Decreto si hay varios).","Aclarar en la UI a qué tipo de decreto corresponde la pestaña Decreto (decreto de autorización de compra, decreto de adjudicación, decreto de publicación, etc.). Mostrar quién lo emite y quién lo aprueba. Si en el proceso hay más de un tipo de decreto, modelarlos explícitamente."
15,Modalidad de compra (Revisión),Se genera el error por Permisos de acceso cuando el rol del usuario autenticado no es el correcto. Debería desactivar el botón estos casos.,Interno,No,Flujo,Moderado,A evaluar,Sí,,,,,1,1,0,3,1,2,8,1,Total ~8 hh: desactivar botón según permisos.,1,Solo Adquisiciones.,2,Lógica de UI condicional por rol.,0,Sin integración.,0,Sin gestión externa.,2,Ajuste de vista + condicionales de permisos.,6,Interno,P2 · UX deseable,"UX defensiva, no bloquea piloto pero genera errores molestos al usuario.",Ajustar la vista para que los botones de acción se muestren desactivados (atributo `invisible` o `readonly` dinámico) cuando el usuario autenticado no tiene los permisos requeridos. Reemplaza el comportamiento actual de mostrar el botón habilitado y arrojar error al hacer clic.,"Cuando un usuario no tiene los permisos requeridos para una acción, el botón correspondiente debe aparecer desactivado o no visible (no debe arrojar error tras el clic). Tooltip explicativo opcional que indique al usuario por qué no puede ejecutar esa acción y a quién debe escalar."
16,Modalidad de compra,"Durante las distintas etapas puedo cambiar ""Tipo de Compra"", incluso en etapa ""Publicada""",Interno,No,Flujo,Moderado,A evaluar,,,,,,2,2,0,6,1,3,14,1,Total ~14 hh: bloquear cambios según estado.,1,Solo Adquisiciones.,3,Cambio en lógica de estados.,0,Sin integración.,0,Sin gestión externa.,2,Reglas de estado en modelo.,7,Interno,P1 · Control interno crítico,Cambiar Tipo de Compra en estado Publicada corrompe la trazabilidad del proceso. Falla de integridad de datos que afecta control interno.,Implementar reglas de estado en el modelo de Modalidad de Compra: el campo Tipo de Compra debe ser de solo lectura (readonly) una vez que el documento pasa al estado Publicada. Esto requiere ajustes en la vista (atributos readonly dinámicos) y eventualmente en el modelo (validación con @api.constrains).,"Una vez que la compra entra en estado Publicada (publicada en Mercado Público o estado equivalente), el Tipo de Compra debe quedar bloqueado y no editable. Cualquier cambio de tipo a esa altura corrompe la trazabilidad del proceso y debe requerir un proceso formal de anulación y reinicio."
17,Modalidad de compra (Publicada),"Para autorizar publicación se exige una ""Evidencia de Publicación"". Podría ser cualquier tipo de documento. Idealmente para publicaciones en Mercado Público podría ser alguna verificación con API.",Interno,No,Flujo,Moderado,A evaluar,,,,,,2,2,0,4,2,2,12,1,Total ~12 hh: validación de tipo de evidencia.,1,Solo Adquisiciones.,2,Lógica acotada.,0,Sin integración (la integración real con MP es separada).,0,Sin gestión externa propia.,2,Validación de tipo de archivo + obligatoriedad condicional.,6,Interno,P2 · UX deseable,"Conecta con la integración con Mercado Público (P3 nuevo stack). Mientras tanto, validar al menos tipo de archivo.","Validación de tipo de archivo y obligatoriedad de la Evidencia de Publicación. Idealmente, conectar con el ítem #9 DM (integración Mercado Público) para que el sistema obtenga la evidencia automáticamente desde el portal de MP en lugar de exigir carga manual.","La Evidencia de Publicación debe restringirse a tipos específicos (PDF preferentemente, captura de pantalla del portal MP). Idealmente, cuando se publica una compra en Mercado Público, el sistema debe generar automáticamente la evidencia (captura de la URL pública o PDF con timestamp) sin requerir carga manual del funcionario."
18,Comisión Evaluadora ,"La pestaña ""Comisión Evaluadora"" tiene tres submenús: ""Comisión Evaluadora"", ""Decreto Comisión"" y ""Validación y Decreto"". Al acceder a cada flujo, cada uno tiene el mismo tipo de interacción. Para qué sirve cada uno en específico?",Interno,No,Flujo,Moderado,A evaluar,,,,,,2,4,0,6,4,2,18,1,Total ~18 hh: rediseño de navegación de pestañas.,1,Solo Adquisiciones.,2,Lógica acotada.,0,Sin integración.,0,Sin gestión externa.,2,Cambio XML + reorganización.,6,Interno,P2 · UX deseable,UX de la Comisión Evaluadora. Conectado al lote del ítem 20.,"Rediseño de la navegación de la pestaña Comisión Evaluadora: consolidar los tres submenús (Comisión Evaluadora, Decreto Comisión, Validación y Decreto) en un flujo lineal con secciones claras o usar pestañas anidadas con un orden visible. Cambio principalmente en vistas XML.","Reorganizar la pestaña Comisión Evaluadora para que el flujo sea lineal y autoexplicativo: conformación de la comisión → emisión del decreto → validación y firma del decreto. Cada paso debe quedar bloqueado hasta que el anterior esté completo, evitando que el usuario navegue entre submenús sin orden."
19,Comisión Evaluadora ,"En la pestaña de ""Miembros de la comisión"" se pueden agregar usuarios de la plataforma. Qué aporte tiene eso? de hecho, agregué un usuario al que tengo perfil de acceso. A este no le aparece siquiera una notificación al respecto.",Interno,No,Flujo,Crítico,A evaluar,,,,,,2,2,0,6,1,3,14,1,Total ~14 hh: validar reglas de composición de comisión.,1,Solo Adquisiciones.,2,Lógica acotada.,0,Sin integración.,0,Sin gestión externa.,2,Reglas de validación.,6,Interno,P1 · Control interno crítico,Composición de Comisión Evaluadora es regulada por ley. Permitir cualquier usuario expone al municipio a observaciones formales.,"Validaciones de composición de la Comisión Evaluadora: número mínimo de miembros, perfiles requeridos (al menos uno técnico, al menos uno administrativo, etc.) según el Reglamento. Reglas implementadas como @api.constrains en el modelo de Comisión.","Validar que los miembros de la Comisión Evaluadora cumplan los requisitos del Reglamento de la Ley 19.886: número mínimo de integrantes según monto de la licitación, ausencia de conflictos de interés (declaración formal), composición plural. Bloquear el avance del proceso si la comisión no cumple los requisitos."
20,Comisión Evaluadora ,"Según documento de Intención de compra, en el punto 20. Adquisiciones: Comisión Evaluadora, se solicitaba subir decreto a Mercado Púlbico y Plataforma de Ley del Lobby. SGM no da cuenta de si tales acciones fueron realizadas.",Interno,No,Flujo,Crítico,A evaluar,Sí,"Anexo N°13 - punto 1.4 letra c
""El sistema debe contemplar la circulación digital de documentos al interior de la organización, y las visaciones electrónicas y la vinculación con la información de Mercado Público."". Se aprueba sin firma ni documento. Exigible",,,,8,16,8,40,12,12,96,3,"Total ~96 hh: implementación completa del flujo de Comisión Evaluadora según IC (subir decreto a MP, firmas Lobby).",2,Adquisiciones + módulo de firmas/Lobby si aplica.,3,Cambio en flujo de estados de la Comisión.,1,Conexión con Mercado Público (subir decreto).,1,Conexión con Lobby (registro de personas).,3,Desarrollo Python estándar; coordinación con integraciones externas.,13,Licitación,P1 · Control interno crítico,"Funcionalidad clave de Licitación según IC, hoy incompleta. Lote con ítems 18-19. Conectado al lote MP (P3) pero la lógica interna puede empezar antes.","Implementar el flujo completo de Comisión Evaluadora según especifica el punto 20 del Anexo N°12 de la IC: cargar decreto de comisión a Mercado Público (requiere integración MP, ver ítem #9 DM), firma de comisionados con Lobby (registro de personas que asisten a sesiones), trazabilidad del proceso. Requiere desarrollo nuevo del flujo y eventual integración con servicios externos.",Cumplir el flujo de Comisión Evaluadora conforme a la Intención de Compra: conformación → decreto → publicación del decreto en MP → sesión de evaluación con registro Lobby → acta de evaluación → propuesta de adjudicación. Cada paso queda registrado en SGM y los actos formales son publicados en MP automáticamente.
21,Resolución de Compra (Borrador),"Al seleccionar IVA 19% Compra (IVA Incluido) o IVA 19% Compra, el cálculo de impuestos es el mismo.",Interno,No,Flujo,Moderado,A evaluar,,,,,,1,1,0,2,0,2,6,1,Total ~6 hh: corregir cálculo de impuestos.,1,Solo Adquisiciones.,2,Lógica acotada pero afecta cálculos contables.,0,Sin integración.,0,Sin gestión externa.,2,Corrección de fórmula de cálculo.,6,Interno,P0 · Crítico para piloto,Bug de cálculo de impuestos. Genera datos contables incorrectos. Bloqueante para uso responsable.,Revisar y corregir el cálculo de impuestos para los códigos IVA 19% Compra (IVA Incluido) e IVA 19% Compra. El primer caso debe descontar el IVA del precio bruto; el segundo debe sumarlo al precio neto. Cambio acotado en la lógica de cálculo del modelo.,"Corregir el cálculo de impuestos para que IVA 19% Compra (IVA Incluido) descomponga el precio bruto (precio neto = precio bruto / 1.19), y IVA 19% Compra agregue el impuesto al precio neto (precio bruto = precio neto * 1.19). Validar que las facturas y comprobantes reflejen los valores correctamente."
22,Resolución de Compra (Borrador),"El campo ""Número de Orden de Compra"" se ingresa manualmente. Debería haber alguna automatización de números correlativos por ejemplo?",Interno,No,Flujo,Moderado,A evaluar,,,,,,1,1,0,4,1,2,9,1,Total ~9 hh: secuencia automática.,1,Solo Adquisiciones.,2,Lógica acotada (secuencia Odoo nativa).,0,Sin integración.,0,Sin gestión externa.,1,Configuración de secuencia Odoo.,5,Interno,P2 · UX deseable,Evita errores de data entry. Mejora de calidad de datos.,"Configurar una secuencia Odoo (ir.sequence) para el número de Orden de Compra con formato municipal estándar. Asignación automática al crear la OC, con la opción de visualizarla pero no editarla.","El número de Orden de Compra debe generarse automáticamente con una secuencia correlativa anual (formato sugerido: OC-AAAA-NNNNN). El campo debe ser de solo lectura para el usuario, salvo en casos específicos autorizados (por ejemplo, ajuste manual por administrador con auditoría)."
23,Resolución de Compra (Borrador),"Dentro de las pestañas del formulario existe ""Argumentación"" y ""Descripción"". Qué función cumple cada uno? Ambos campos son obligatorios",Interno,No,Retroalimentación,Moderado,A evaluar,,,,,,2,2,0,3,2,1,10,1,Total ~10 hh: clarificar campos.,1,Solo Adquisiciones.,1,Solo cambio de vista.,0,Sin integración.,0,Sin gestión externa.,2,Cambio XML + decisión funcional.,5,Interno,P2 · UX deseable,Redundancia de campos. Decisión funcional simple.,"Decisión funcional: consolidar los campos Argumentación y Descripción si son redundantes, o diferenciarlos con propósito claro. Si se mantienen separados, ajustar las etiquetas, los textos de ayuda y las reglas de obligatoriedad para que el usuario entienda qué información va en cada uno.","Si Argumentación y Descripción cumplen funciones distintas, especificarlas claramente: por ejemplo, Argumentación = justificación legal/técnica de la compra (qué necesidad atiende, por qué este proveedor); Descripción = detalle de los bienes/servicios solicitados. Si son redundantes, eliminar uno de los dos."
24,Resolución de Compra (Borrador),Indiqué que el Monto Total Adjudicado es menor al monto indicado en la SOLPED (puede darse en cualquier licitación) y el sistema me muestra una alerta que los valores deben ser concordantes,Interno,Sí,Retroalimentación,Crítico,A evaluar,,,,,,2,2,0,4,2,2,12,1,Total ~12 hh: validación de monto adjudicado.,1,Solo Adquisiciones.,3,Cambio en motor de validación.,0,Sin integración.,0,Sin gestión externa.,2,Lógica de validación + mensaje.,7,Interno,P0 · Crítico para piloto,Invalidante. Permite seguir un proceso con dato incoherente que afecta el cálculo presupuestario.,"Validación bloqueante con mensaje claro al usuario cuando el Monto Total Adjudicado es menor que el monto de la SOLPED. Permitir que el usuario justifique formalmente la diferencia (por ejemplo, mejora de oferta) sin que el sistema interprete el monto menor como un error opaco.","Cuando el Monto Adjudicado es menor al monto solicitado en la SOLPED, el sistema debe permitir avanzar pero exigir una justificación formal del ahorro (mejora de oferta del proveedor, ajuste técnico, etc.) y registrarla en el documento. El mensaje al usuario debe ser claro y no inducir a creer que hay un error."
25,Resolución de Compra (Aprobado),"Se puede ""Aprobar"" la resolución sin ningún documento adjunto.",Interno,No,Flujo,Crítico,A evaluar,Sí,"Anexo N°13 - punto 1.4 letra c
""El sistema debe contemplar la circulación digital de documentos al interior de la organización, y las visaciones electrónicas"". Se aprueba sin firma ni documento. Exigible",,,,2,2,0,4,1,2,11,1,Total ~11 hh: obligatoriedad de adjuntos para aprobar.,1,Solo Adquisiciones.,2,Lógica acotada.,0,Sin integración.,0,Sin gestión externa.,2,Validación bloqueante.,6,Interno,P1 · Control interno crítico,"Sin documentos de respaldo, la Resolución de Compra carece de evidencia. Riesgo de control interno.","Validación bloqueante en el cambio de estado a Aprobado: exigir al menos un documento adjunto de respaldo (resolución firmada, decreto, etc.) antes de permitir la transición. Implementado como @api.constrains o regla de estado.","Para aprobar una Resolución de Compra, el sistema debe exigir al menos un documento adjunto de respaldo (resolución administrativa firmada, decreto). Sin documento, el botón de Aprobar queda deshabilitado o arroja un mensaje claro. La regla aplica también a otras instancias formales del flujo."
26,Resolución de Compra (Aprobado),"Se puede ""Recepcionar"" múltiples veces la Resolución de Compra generando nuevas instancias de Recepción Conforme cada vez, aunque se generan solo como borrador",Interno,No,Flujo,Moderado,A evaluar,,,,,,2,2,0,6,1,3,14,1,Total ~14 hh: validación de unicidad de Recepción.,1,Solo Adquisiciones.,3,Cambio en motor de estados.,0,Sin integración.,0,Sin gestión externa.,2,Validación bloqueante + lógica de estado.,7,Interno,P0 · Crítico para piloto,Generar múltiples Recepciones para la misma Resolución corrompe la trazabilidad y puede generar pagos duplicados. Bloqueante para piloto.,"Validación de unicidad en el modelo de Recepción Conforme: una Resolución de Compra solo puede tener una Recepción Conforme activa. Si se requiere recepción parcial, modelarla explícitamente con campos de cantidad recibida acumulada. Cambios en modelo y motor de estados.","Una Resolución de Compra debe poder generar una sola Recepción Conforme activa. Si la compra admite recepciones parciales (por entregas), modelar la cantidad acumulada y el saldo pendiente, con una sola instancia de Recepción que se va actualizando. Bloquear la creación de nuevas Recepciones cuando ya existe una activa."
27,Resolución de Compra (Aprobado),"Desde la interfaz de ""Aprobado"" se puede acceder a ver la ""Obligación Presupuestaria"" que en este ejemplo ha excedido el saldo disponible. Esta advertencia debió haberse generado al inicio del proceso, durante la SOLPED y Disponibilidad Presupuestaria",Interno,Sí,Flujo,Crítico,A evaluar,,,,,,2,4,2,8,2,4,22,2,Total ~22 hh: validación bloqueante de saldo presupuestario.,2,Adquisiciones + Presupuestos.,4,Motor de validación bloqueante del flujo.,0,Integración interna.,0,Sin gestión externa.,3,Validación bloqueante + comunicación entre módulos.,11,Interno,P0 · Crítico para piloto,Invalidante. Permite Obligación que excede saldo disponible — exactamente el control que debería bloquear el flujo. Bloqueante para piloto.,"Validación bloqueante en la confirmación de la Resolución de Compra: comparar el monto contra el saldo disponible de la cuenta presupuestaria asignada. Si excede, bloquear la generación de la Obligación con mensaje claro. Conecta con el módulo de Presupuestos.","Antes de confirmar una Resolución de Compra y generar la Obligación Presupuestaria, validar que el saldo de la cuenta asignada cubre el monto. Si excede, bloquear la operación con un mensaje que indique saldo disponible, saldo requerido y la opción de canalizar solicitud de ampliación presupuestaria. No permitir el ajuste informal."
28,Resolución de Compra (Aprobado),Por razones desconocidas se generaron dos Resoluciones de Compra para la misma SOLPED. Aunque pudo deberse al cambio de Tipo de Compra.,Interno,No,Flujo,Moderado,A evaluar,,,,,,2,2,0,6,1,3,14,1,Total ~14 hh: validación de unicidad o investigación de causa.,1,Solo Adquisiciones.,3,Cambio en motor de estados.,0,Sin integración.,0,Sin gestión externa.,2,Investigación + validación de unicidad.,7,Interno,P1 · Control interno crítico,Genera Resoluciones duplicadas. Afecta trazabilidad contable.,"Investigar la causa raíz de la generación duplicada de Resoluciones de Compra (probablemente vinculada al cambio de Tipo de Compra, ítem #16). Una vez identificada, agregar validación de unicidad o regla que prevenga la duplicación.","Una SOLPED debe poder generar una única Resolución de Compra activa. Si el flujo permite cambios de tipo o reinicios, debe anularse formalmente la Resolución previa antes de crear una nueva, con trazabilidad del cambio (causa, usuario, fecha). No deben coexistir dos Resoluciones activas para la misma SOLPED."
29,Resolución de Compra (Aprobado),"Al seleccionar ""Marcar para recompra"" no se puede deshacer",Interno,No,Flujo,Moderado,A evaluar,,,,,,1,1,0,3,1,2,8,1,Total ~8 hh: agregar acción de deshacer o confirmar.,1,Solo Adquisiciones.,2,Lógica de estado.,0,Sin integración.,0,Sin gestión externa.,2,Lógica de estado reversible + confirmación.,6,Interno,P2 · UX deseable,UX defensiva. Acción irreversible sin advertencia.,"Agregar acción inversa para Marcar para recompra (Desmarcar) o, alternativamente, mostrar un modal de confirmación previa que advierta sobre la irreversibilidad de la acción. Cambio acotado en vista y lógica de estado.","La acción Marcar para recompra debe ser reversible mediante un Desmarcar o, en su defecto, requerir confirmación explícita del usuario antes de ejecutarse (modal con mensaje de advertencia). Idealmente, registrar la acción y permitir revertirla con justificación durante un período definido."
30,Resolución de Compra (Aprobado),"Al seleccionar ""Generar PDF"" se genera un error",Interno,Sí,Flujo,Crítico,A evaluar,,,,,,1,1,0,4,0,2,8,1,Total ~8 hh: debug y arreglo de generación PDF.,1,Solo Adquisiciones.,2,Lógica acotada.,0,Sin integración.,0,Sin gestión externa.,2,Debug template QWeb.,6,Interno,P0 · Crítico para piloto,Invalidante. La generación del PDF de Resolución de Compra es output formal del proceso. Bloqueante para piloto.,Debug y corrección del template QWeb / generador PDF para Resolución de Compra. Probablemente vinculado a campos faltantes o errores de formato en la plantilla. Acotado.,"Corregir la generación del PDF de Resolución de Compra para que produzca el documento sin error. Validar que el documento contenga toda la información requerida formalmente: encabezado municipal, número de resolución, fecha, partes intervinientes, objeto, monto, firmas, anexos."
31,Resolución de Compra (Aprobado),"Se puede ""Crear Egreso Devengado"" solo con la Resolución de Compra, pero según la norma, el devengado solo se puede generar cuando se ha recibido el producto o servicio. (Verificar orden según DAF)",Interno,Sí,Flujo,N/A,A evaluar,,,,,,2,2,0,6,1,3,14,1,Total ~14 hh: validación normativa devengado.,2,Adquisiciones + Contabilidad.,4,Motor de validación normativa.,0,Integración interna.,0,Sin gestión externa.,2,Validación bloqueante de Recepción Conforme.,9,Interno,P0 · Crítico para piloto,Invalidante. El devengado sin recepción conforme + factura viola la normativa contable del sector público. Riesgo de sumario administrativo si Contraloría audita.,Validación bloqueante en la transición a Egreso Devengado: exigir match de 3 vías (Orden de Compra + Recepción Conforme + Factura registrada SII) antes de permitir el devengado. Conecta con el módulo de Contabilidad.,"El devengado de un gasto solo puede generarse cuando se cumple el match de 3 vías conforme a la normativa contable del sector público: Orden de Compra emitida, Recepción Conforme aprobada y Factura registrada en SII. Si falta cualquiera, bloquear la operación con mensaje claro."
32,Recepción de Compra (Borrador),Permite avanzar hasta aprobado sin adjuntar documentos como facturas u orden de despacho ni tampoco N° de orden de ingreso. Puede quedar aprobada sin ninguna validación,Interno,No,Flujo,Crítico,A evaluar,,,,,,2,2,0,4,1,2,11,1,Total ~11 hh: obligatoriedad de adjuntos.,1,Solo Adquisiciones.,2,Lógica acotada.,0,Sin integración.,0,Sin gestión externa.,2,Validación de obligatoriedad.,6,Interno,P1 · Control interno crítico,"Recepción Conforme sin documentos (factura, guía despacho) carece de evidencia. Riesgo de control interno.","Validación bloqueante en el cambio de estado a Aprobado de la Recepción Conforme: exigir al menos un documento adjunto (factura, guía de despacho, orden de ingreso) y N° de orden de ingreso completado.","Para aprobar una Recepción Conforme, el sistema debe exigir al menos factura electrónica y guía de despacho adjuntas, más el N° de orden de ingreso registrado. Sin estos elementos, la Recepción no puede aprobarse, conforme a la normativa de control interno."
33,Recepción de Compra (Aprobado),"Aun en estado aprobado, puedo seguir cambiando datos y guardando el proceso",Interno,No,Flujo,Crítico,A evaluar,,,,,,2,2,0,6,1,3,14,1,Total ~14 hh: read-only en estado aprobado.,1,Solo Adquisiciones.,3,Cambio en lógica de estados.,0,Sin integración.,0,Sin gestión externa.,2,Reglas de readonly por estado.,7,Interno,P0 · Crítico para piloto,Modificar datos de un proceso aprobado destruye la inmutabilidad de los actos administrativos. Bloqueante para piloto y exposición ante Contraloría.,"Implementar reglas de readonly por estado en el modelo de Recepción Conforme: una vez Aprobada, todos los campos críticos deben quedar bloqueados. Cambios solo permitidos por administrador con justificación auditada, o mediante un proceso formal de anulación y reapertura.","Una vez aprobada una Recepción Conforme, sus datos deben quedar inmutables (read-only para todos los usuarios). Modificaciones posteriores solo deben permitirse mediante un proceso formal de anulación que registre causa, usuario y fecha, y genere una nueva instancia con trazabilidad respecto a la anterior."
34,Recepción de Compra (Aprobado),"En la pestaña Validación aparece la opción de agregar usuarios y un checklist de opciones de validación que indica: Presupuesto, Jefe de Compras, Control Interno. Si se seleccionan o no es irrelavante para el proceso.",Interno,No,Flujo,Moderado,A evaluar,,,,,,2,4,0,8,4,4,22,2,Total ~22 hh: rediseño de pestaña Validación.,1,Solo Adquisiciones.,2,Lógica acotada.,0,Sin integración.,0,Sin gestión externa.,2,Rediseño de pestaña + lógica de checklist.,7,Interno,P2 · UX deseable,"Pestaña Validación poco clara. UX deseable, no bloquea piloto.","Rediseño de la pestaña Validación: definir el propósito del checklist (¿son aprobaciones de distintos roles? ¿requisitos previos?), simplificar la UI, especificar qué pasa cuando un ítem del checklist falla. Cambios en vista y eventualmente en modelo de validación.","Clarificar la pestaña Validación: cada elemento del checklist debe corresponder a una validación específica (Presupuesto OK / Jefe de Compras aprueba / Documentación completa / etc.) con responsable asignado y estado. Si un ítem falla, debe bloquear el avance del proceso y registrarse la causa."
35,"Integración con módulo de ""Inventario""","Si no se indicó oportunamente durante la SOLPED que determinado artículo es ""Activo fijo"", no puede actualizarse. Luego para generar inventario habrá que ingresar productos manualmente.",Interno,No,Flujo,Moderado,A evaluar,,,,,,2,2,0,6,1,3,14,1,Total ~14 hh: permitir edición de Activo Fijo en estados intermedios.,2,Adquisiciones + Inventario.,3,Cambio en lógica de estados entre módulos.,0,Integración interna.,0,Sin gestión externa.,2,Reglas de edición por estado.,8,Interno,P2 · UX deseable,UX rígida. Mejora deseable.,"Permitir editar el marcador Activo Fijo de un producto en estados intermedios del flujo (antes de la Recepción Conforme), con validación de consistencia. Cambio en reglas de estado del modelo de líneas de SOLPED u OC.","Permitir que el marcador Activo Fijo de un producto se pueda editar mientras la SOLPED u OC esté en estado borrador o en revisión. Una vez confirmada la Recepción, el marcador queda bloqueado. Validar que los productos marcados como Activo Fijo cumplan los criterios contables (umbral mínimo, vida útil, etc.)."
36,"Integración con módulo de ""Inventario"" o abastecimiento","Si bien el módulo permite marcar los ítems de una Solicitud de Pedido como ""activo fijo"" y estos eventualmente pasarán a Inventario. No hay un prechequeo de disponibilidad interno.",Interno,No,Elementos faltantes,Moderado,A evaluar,Sí,"Anexo N°13 - punto 1.4, ítem 1 de funcionalidades
""Conectado en línea con el módulo de Abastecimiento. Referente al abastecimiento y resguardo de materiales""
",,,,4,8,2,16,4,6,40,2,Total ~40 hh: completar campos y trazabilidad Activos Fijos.,2,Adquisiciones + Inventario.,3,Cambio en modelo de datos compartido.,0,Integración interna.,0,Sin gestión externa.,3,Cambios en modelo Activos Fijos + lógica de marcado.,10,Por evaluar,P2 · UX deseable,"Funcionalidad incompleta. Conectado al lote del módulo Inventario, que aún no es prioridad del piloto.","Completar campos faltantes en el modelo de Activos Fijos (categoría contable, vida útil, valor residual, ubicación, responsable) y conectar el flujo: marcar el producto al solicitar/ordenar, generar el Alta del Bien al recepcionar, registrar en Inventario, generar la depreciación inicial.","El módulo de Activos Fijos debe permitir marcar el producto en SOLPED u OC, y al recepcionarse generar automáticamente el Alta del Bien con datos completos: número de inventario municipal, categoría, vida útil, valor de adquisición, ubicación, responsable. Integración con el módulo de Inventario y Contabilidad."
37,Emisión de Solicitudes de Cotización,No existe funcionalidad,Interno,No,Elementos faltantes,Moderado,A evaluar,Sí,"Anexo N°13 - punto 1.4, ítem 4 de funcionalidades
""Que permita validar los productos en bajo stock y genere una solicitud de cotización que pueda emitirse a diferentes proveedores""",,,,8,16,8,40,16,12,100,3,Total ~100 hh: módulo nuevo de gestión de cotizaciones internas.,1,Solo Adquisiciones (módulo nuevo).,2,Módulo nuevo aislado.,1,Eventual integración con Mercado Público (cotizaciones públicas) o por email.,0,Sin gestión externa.,3,"Módulo nuevo con modelos, vistas y flujos propios.",10,Por evaluar,P3 · Postergar a nuevo stack,Funcionalidad faltante completa. La gestión de cotizaciones para Compra Ágil y Trato Directo es parte del flujo legal de Mercado Público; conviene construirla en el nuevo stack con integración real.,"Desarrollo de un módulo nuevo de Solicitudes de Cotización: modelo de cotización, envío a proveedores (email integrado), recepción de respuestas, comparación, selección. Caso aparte: cotizaciones que pasan por Mercado Público (Compra Ágil) usarían el flujo de MP en lugar del módulo interno.","Habilitar el flujo de Solicitudes de Cotización para Trato Directo y compras menores: generar la solicitud con bienes/servicios y enviarla a una lista de proveedores por email; recibir respuestas; comparar ofertas en una vista tabular; seleccionar adjudicación con justificación. Para Compra Ágil, redirigir al flujo de Mercado Público."
38,Solicitudes de Pedido,"Al adjuntar archivo es poco intuitivo, aparece como agregar linea en vez de boton adjuntar archivo.",Interno,No,Visibilidad,Menor,A evaluar,,,,,,1,1,0,2,2,1,7,1,Total ~7 hh: rediseño de widget de adjunto.,1,Solo Adquisiciones.,1,Solo cambio de vista.,0,Sin integración.,0,Sin gestión externa.,2,Cambio de widget XML.,5,Interno,P2 · UX deseable,UX mejorable. No bloquea piloto.,"Cambio de widget XML para el campo de adjuntos: reemplazar el componente actual (""agregar línea"") por un botón claro de tipo Upload con icono y texto descriptivo. Cambio acotado.","El campo de adjuntos debe presentarse como un botón claro ""Adjuntar archivo"" con icono de upload, en lugar del componente actual que aparece como ""agregar línea"" en una tabla. Permitir drag & drop como complemento."
39,Solicitudes de Pedido,En disponibilidad presupuestaria en la pestaña datos adjuntos no aparece el archivo que se adjunto en el paso previo al crear la solicitud de pedido.,Interno,No,Elementos faltantes,Menor,A evaluar,,,,,,1,1,0,3,1,2,8,1,Total ~8 hh: visibilizar adjuntos en disponibilidad presupuestaria.,1,Solo Adquisiciones.,2,Lógica acotada.,0,Sin integración.,0,Sin gestión externa.,2,Heredar adjuntos entre vistas.,6,Interno,P2 · UX deseable,Pérdida de trazabilidad documental entre vistas. Mejora deseable.,"Ajuste de vista para heredar los adjuntos de la SOLPED en las pestañas posteriores del flujo (Disponibilidad presupuestaria, OC, Recepción). Cambio acotado, principalmente en relaciones de vista.","Los documentos adjuntos cargados en la SOLPED inicial deben estar visibles (consultables, no necesariamente editables) en las pestañas posteriores del flujo: Disponibilidad presupuestaria, Resolución de Compra, Recepción Conforme. Sin necesidad de re-adjuntar el mismo archivo."
40,Activos Fijos,"Al contabilizar activo fijo arroja un error de negocio que indica que No se completó la operación por falta de un campo obligatorio ? , si hay un campo que obligatoriamente se debe llenar no deberia dejar aprobar el activo fijo. Deberia indicar el sistema cuales son los campos obligatorios",Interno,No,Retroalimentación,Menor,A evaluar,,,,,,1,1,0,2,1,1,6,1,Total ~6 hh: mejorar mensaje de error.,1,Solo Adquisiciones.,1,Solo mensaje.,0,Sin integración.,0,Sin gestión externa.,2,Ajuste de mensaje + identificar campo.,5,Interno,P2 · UX deseable,UX. Mejora retroalimentación al usuario.,Mejorar el mensaje de error cuando faltan campos obligatorios: identificar qué campo específico está vacío y dónde se encuentra. Cambio acotado de mensaje y posiblemente de validación.,"Cuando el sistema bloquea una operación por falta de un campo obligatorio, el mensaje debe identificar el campo específico (""Falta completar: Cuenta Contable en la pestaña Detalle"") y, si es posible, llevar al usuario directamente al campo o pestaña correspondiente."
41,Solicitudes de Pedido,"Pestañas redundantes, Existe Descripcion en pestaña Detalle y en pestaña Descripcion, Se podria agregar las pestañas extras como campos dentro de la pestaña Detalle de bienes, evitando ingresar informacion en otro lugar.",Interno,No,Visibilidad,Menor,A evaluar,,,,,,1,2,0,3,2,1,9,1,Total ~9 hh: consolidar pestañas redundantes.,1,Solo Adquisiciones.,1,Solo cambio de vista.,0,Sin integración.,0,Sin gestión externa.,2,Reorganización de vista XML.,5,Interno,P2 · UX deseable,Redundancia UX. Mejora deseable.,Consolidación de pestañas redundantes (Descripción presente en pestaña Detalle y en pestaña Descripción). Eliminar la pestaña duplicada o mover la información a una única ubicación. Cambio de vista XML.,"Eliminar la redundancia entre las pestañas Detalle y Descripción: si Descripción es solo un campo, integrarlo como sección dentro de Detalle. Si es un campo extenso de texto libre, mantenerlo separado pero asegurarse de que no se duplique con otras pestañas."
42,Solicitud de pedido - Aprobado,el sistema le permite guardar y avanzar sin centro de costo sin problemas. Esto destruye la trazabilidad por departamento o programa,Interno,No,Flujo,Moderado,A evaluar,,,,,,1,1,0,3,0,2,7,1,Total ~7 hh: obligatoriedad de Centro de Costo.,1,Solo Adquisiciones.,2,Lógica acotada.,0,Sin integración.,0,Sin gestión externa.,2,Validación de obligatoriedad.,6,Interno,P0 · Crítico para piloto,"Sin Centro de Costo, la trazabilidad por departamento/programa se pierde. Falla básica de control presupuestario.",Marcar el Centro de Costo como obligatorio en el modelo de SOLPED. Implementado como atributo `required=True` en el campo o validación @api.constrains. Acotado.,"El Centro de Costo debe ser un campo obligatorio en la SOLPED. Sin él, el sistema no permite guardar ni avanzar al estado siguiente. Esto preserva la trazabilidad por departamento y programa, requisito para el control presupuestario."
43,Solicitudes de Pedido,"Poco control en tipos de archivos adjuntos: el usuario puede subir un archivo con extensión .mp4 (un video) en la pestaña de documentos adjuntos de una cotización/presupuesto. Deberían existir restricciones para aceptar solo formatos estándar (PDF, Excel, Word).",Interno,No,Visibilidad,Menor,A evaluar,,,,,,1,1,0,2,0,1,5,1,Total ~5 hh: validación de tipo MIME.,1,Solo Adquisiciones.,1,Validación simple.,0,Sin integración.,0,Sin gestión externa.,2,Validación de MIME type.,5,Interno,P2 · UX deseable,Calidad de datos. Mejora menor.,"Validación de tipo MIME en el widget de adjuntos: restringir a tipos relevantes (PDF, DOC/DOCX, XLS/XLSX, JPG/PNG). Cambio acotado en vista o validación de modelo.","Restringir los tipos de archivo permitidos en los campos de adjuntos a formatos relevantes para el proceso (PDF, Word, Excel, imágenes). Bloquear la subida de archivos de video, audio o ejecutables, que no son evidencia válida de una compra."
44,Solicitudes de Pedido,"El sistema permite asignar el pedido de laptops en cuentas correspondientes a RRHH como ""Asignacion de Antiguedad"", Sistema deberia alertar sobre mala asignacion de recursos.",Interno,No,Flujo,Moderado,A evaluar,,,,,,2,4,2,8,2,4,22,2,Total ~22 hh: validación cruzada producto-cuenta.,2,Adquisiciones + Contabilidad.,3,Cambio en lógica entre módulos.,0,Integración interna.,0,Sin gestión externa.,3,Validación cruzada producto/categoría vs cuenta contable.,10,Por evaluar,P1 · Control interno crítico,Asignar gastos a cuentas incorrectas falsea el reporte presupuestario. Requiere definir mapeo categoría-cuenta primero (decisión de DM).,Validación cruzada entre la categoría del producto y la cuenta presupuestaria seleccionada. Requiere primero definir un mapeo categoría-cuenta (decisión funcional con DM) y luego implementarlo como @api.constrains o regla de validación.,"Cuando el usuario asigna una cuenta presupuestaria a una línea de SOLPED, validar la coherencia con la categoría del producto. Por ejemplo, no permitir asignar la compra de equipos informáticos a una cuenta de remuneraciones. Si la asignación es ambigua o requiere excepción, exigir justificación formal."
45,Resolucion de Compra,"El sistema se contradice flagrantemente: en el banner rojo afirma textualmente que ""No se podrá confirmar esta obligación"", pero el motor de automatización ignora su propia advertencia, rompe la regla de negocio y fuerza el cambio de estado a ""Confirmado"", en pocas palabras el sistema permite confirmar la resolucion de compra aun no existiendo saldo en la cuenta.",Interno,No,Flujo,Crítico,A evaluar,,,,,,2,2,0,4,1,2,11,1,Total ~11 hh: corregir motor de estados para que respete el banner de bloqueo.,1,Solo Adquisiciones.,3,Motor de estados.,0,Sin integración.,0,Sin gestión externa.,2,Lógica de validación + estado.,7,Interno,P0 · Crítico para piloto,Contradicción flagrante entre mensaje al usuario y comportamiento del motor. Bug crítico de integridad.,"Corregir la contradicción entre el banner de bloqueo (que indica ""No se podrá confirmar esta obligación"") y el motor de estados (que sí permite confirmar). Probablemente bug en una regla condicional o en el orden de evaluación de validaciones.","Cuando el sistema muestra un banner de bloqueo, el motor de estados debe respetarlo y efectivamente impedir la transición. El comportamiento debe ser coherente: si la operación está bloqueada según las reglas, no debe permitirse confirmarla, sin importar la interfaz."
46,Resolucion de compra,"Para aprobar la resolucion de compra se debe ingresar manualmente el numero de la orden de compra, lo que puede generar errores de data entry.",Interno,No,Retroalimentación,Menor,A evaluar,,,,,,1,1,0,3,0,1,6,1,Total ~6 hh: secuencia automática (mismo lote que #22).,1,Solo Adquisiciones.,1,Configuración de secuencia.,0,Sin integración.,0,Sin gestión externa.,1,Configuración Odoo.,4,Interno,P2 · UX deseable,Duplica el problema del ítem 22. Lote conjunto.,Mismo desarrollo que el ítem #22: configurar secuencia automática Odoo para el N° de Orden de Compra. Lote conjunto.,Generación automática del N° de Orden de Compra mediante secuencia correlativa (mismo desarrollo que ítem #22). Eliminar el ingreso manual y minimizar errores de data entry.
47,Listado de Solicitudes de Pedido,El listado de solicitudes no viene pre filtrado según el usuario autenticado,Interno,No,Navegación,Moderado,Sí,N/A,,,,,2,2,0,8,2,4,18,2,Total ~18 hh: rango 16-40 hh. Record rules + ajuste de vista.,1,Solo Adquisiciones.,3,Cambia sistema de permisos; puede afectar visibilidad de otros perfiles.,0,Sin integración.,0,Sin gestión externa.,3,Desarrollo Python estándar (record rules + reglas de seguridad).,9,Interno,P0 · Crítico para piloto,"Sin filtrado, cualquier usuario ve SOLPED de cualquier departamento. Falla de control interno y aislamiento de datos entre unidades que expone al municipio si Contraloría audita. Bloquea uso responsable del piloto.",Se debe revisar si sistema actual de roles permite. Lo más probable es que requiera modificación de permisos a nivel de código. ,"El listado debe filtrar de 3 maneras:
Requirientes:
Rol usuario: Solo ve sus propias SOLPED
Rol Admin: Ve todas las SOLPED de su Departamento

DAF:
Cualquier usuario del Departamento puede ver todas las SOLPED"
48,Configuraciones iniciales,"Es necesario incorporar el catálogo de compras de ChileCompra/Mercado Público para estandarizar al inicio de implementación. Se deben cargar Giros, Rubros y Familias de Productos. Para los Productos, campos mínimos: Código, Familia, Descripción, Unidad de Medida, Cuenta Contable, Stock o Específico, Impuestos Adicionales.",DM,Sí,Elementos faltantes,Crítico,Sí,,,,,,0,0,0,0,0,0,0,0,Sin horas propias: trabajo imputado al ítem #1.,0,Ver ítem #1.,0,Ver ítem #1.,0,Ver ítem #1.,0,Ver ítem #1.,0,Ver ítem #1.,0,Duplicado,Duplicado,DM confirma de forma independiente el hallazgo del ítem #1 interno. Refuerza criticidad. Las horas se contabilizan solo en el ítem #1 para evitar duplicación.,Duplicado conceptual con ítem #1 interno. Mismo desarrollo: modelo jerárquico de productos.,Ver ítem #1 interno. Se consolida en un solo lote de desarrollo.
49,Configuraciones iniciales,Es necesario incorporar el catálogo de cuentas presupuestarias para la imputación de la compra de bienes y/o servicios.,DM,Sí,Elementos faltantes,Crítico,Sí,,,,,,4,8,4,16,4,4,40,2,Total ~40 hh: rango 16-40 hh. Modelo + mantenedor + carga inicial.,2,Adquisiciones + Presupuestos (maestro compartido).,3,Nuevo modelo de datos compartido entre módulos.,0,Sin integración externa.,1,Puede requerir coordinación con SUBDERE para catálogo unificado.,3,Desarrollo Python estándar (modelo maestro relacional + mantenedor).,11,Interno,P1 · Control interno crítico,"Sin catálogo presupuestario estructurado, la imputación de gasto no tiene fuente única de verdad. Es prerrequisito para los ítems 8, 11, 27 (control de saldo). Prioridad alta para piloto.",Modelo de cuentas presupuestarias municipales + carga inicial + mantenedor. Conecta con la propuesta de Clasificación Presupuestaria del análisis SOLPED.,"Catálogo presupuestario estructurado (Cuenta/Área/Programa/Subprograma/Centro de Costos) que sirva como base maestra para la imputación en SOLPED, OC y Devengado. Mantenedor con vigencia anual."
50,Configuraciones iniciales,"Se debe incorporar las distintas unidades monetarias (peso chileno, UF, dólar americano, UTM y euro).",DM,Sí,Elementos faltantes,Crítico,Sí,,,,,,1,1,0,4,0,2,8,1,Total ~8 hh: configuración + servicio cron de tipo de cambio.,1,Configuración transversal pero acotada a configurar.,1,Configuración con servicio Odoo nativo.,1,API pública de Banco Central / mindicador.cl.,0,Sin gestión externa formal.,1,Configuración + servicio cron simple.,5,Interno,P2 · UX deseable,"Aunque DM lo marca como crítico, en municipios el 95% de operaciones son en CLP. UF/UTM son necesarias para licitaciones grandes, USD/EUR son casos puntuales. No bloquea el piloto.","Configuración de res.currency en Odoo (UF, UTM, USD, EUR) + servicio de fetch automático de tipo de cambio diario.","Configurar las monedas en el módulo Odoo de monedas con fetch automático desde Banco Central (UF, UTM, USD, EUR). Habilitar selector de moneda en SOLPED, OC y otros documentos donde aplique."
51,Solicitud de Pedido > Nuevo,"La modalidad de compra se debe definir al inicio de la Solicitud de Pedido, vinculante a la pestaña Modalidad de compra. La selección debería precargar la modalidad con sus campos específicos, acorde al Reglamento de la Ley 19.886.",DM,No,Flujo,Moderado,Sí,,,,,,4,8,2,16,4,6,40,2,Total ~40 hh: cambio de flujo en formulario + lógica condicional.,1,Solo Adquisiciones.,3,Cambia flujo principal del formulario SOLPED.,0,Sin integración.,0,"Sin gestión externa, pero requiere validación con DM.",3,Desarrollo Python estándar con campos dinámicos y reglas condicionales.,9,Interno,P1 · Control interno crítico,"Cambio de flujo importante. Sin esto, la SOLPED se desliga de la modalidad y las validaciones legales por tipo de compra (art. 7 Ley 19.886) se pierden. Lote conjunto con ítems #12 y #13.",Reestructurar flujo: agregar selector de modalidad obligatorio al inicio del formulario SOLPED. Cargar dinámicamente campos específicos según modalidad seleccionada. Conecta con ítem #12 (Criterios y requisitos varían por Tipo de Compra).,"Campo obligatorio 'Modalidad de Compra' al inicio de SOLPED (Compra Ágil / Convenio Marco / Licitación / Trato Directo). Esta selección precarga validaciones, campos obligatorios y umbrales acordes al Reglamento."
52,Solicitud de Pedido > Nuevo,Se debe incorporar firma del encargado de la unidad requirente.,DM,Sí,Elementos faltantes,Crítico,Sí,,,,,,0,0,0,0,0,0,0,0,Sin horas propias: trabajo imputado al ítem #7.,0,Ver ítem #7.,0,Ver ítem #7.,0,Ver ítem #7.,0,Ver ítem #7.,0,Ver ítem #7.,0,Duplicado,Duplicado,DM confirma de forma independiente la necesidad de firma en SOLPED. Es uno de los puntos del flujo del ítem #7 (FirmaGob). Las horas se contabilizan solo allí.,Duplicado conceptual del ítem #7 interno (FirmaGob general). Aplicado específicamente al cierre de SOLPED por Jefe de Unidad.,Ver ítem #7 interno. La firma del encargado de unidad requirente es uno de los puntos del flujo de firma electrónica que se desarrolla en el lote FirmaGob.
53,Validaciones,"Se deben incorporar validaciones, como por ejemplo la 'cantidad'. Permite grabar con cantidad en cero.",DM,Sí,Elementos faltantes,Crítico,Sí,,,,,,1,1,0,3,0,2,7,1,Total ~7 hh: validación simple en ORM.,1,Solo Adquisiciones (aplicable a varios modelos del módulo).,2,Lógica acotada con potencial de regresión menor.,0,Sin integración.,0,Sin gestión externa.,2,Validación @api.constrains simple.,6,Interno,P0 · Crítico para piloto,"Validación básica de integridad de datos. Permitir cantidad 0 genera documentos sin sentido económico y problemas en módulos posteriores (cálculo de impuestos, recepción, devengado). Bloqueante para piloto.","Validación bloqueante: cantidad debe ser > 0 en líneas de SOLPED, OC y otros documentos transaccionales.","Validar en el ORM y en la vista que cantidad > 0 antes de permitir guardar la línea. Aplicar a SOLPED, OC, Recepción y todo documento que tenga ítems con cantidad."
54,Validaciones,La disponibilidad presupuestaria debe ser solicitada y validada antes de publicar en Mercado Público la solicitud de compra. No debe permitir avanzar en la compra si no está aprobada la disponibilidad de presupuesto.,DM,Sí,Flujo,Crítico,Sí,,,,,,2,2,0,8,2,2,16,2,Total ~16 hh: validación de estado bloqueante específica.,2,Adquisiciones + Presupuestos (consulta CDP).,3,Cambio en motor de estados del flujo principal.,0,Integración interna.,0,Sin gestión externa.,2,Lógica de validación al cambio de estado.,9,Interno,P1 · Control interno crítico,Control normativo básico: no se puede publicar un gasto sin tener financiamiento aprobado (art. 5 Ley 19.886). Conecta y refuerza el ítem #8. Lote conjunto.,Validación bloqueante de estado: la transición a 'Publicada en MP' requiere validación previa de disponibilidad presupuestaria aprobada por DAF. Refuerza ítem #8 con un punto específico del flujo.,"Antes de permitir cambiar el estado de la SOLPED a 'Publicada en Mercado Público', validar que existe CDP aprobado con saldo suficiente. Bloquear publicación con mensaje claro si no se cumple."
55,Flujo (revisión metodológica),Se debe reevaluar y profundizar el flujo inicial para el ingreso de la Solicitud de Compra. El flujo presentado en la página 20 del Anexo N°12 con los diagramas de proceso no especifica lo que se hace en la mayoría de los municipios y lo que establece la Ley.,DM,Sí,N/A,Crítico,A evaluar,,,,,,4,16,0,0,0,0,20,0,"Total ~20 hh de análisis funcional, no desarrollo.",1,Adquisiciones (proceso SOLPED).,0,Sin desarrollo.,0,Sin integración.,0,Sin gestión externa.,0,No es desarrollo.,1,Análisis transversal,P0 · Crítico para piloto,"Es prerrequisito metodológico de varios ítems (4, 12, 18). El análisis SOLPED ya elaborado debe consolidarse con esta observación y validarse formalmente con DM antes de comenzar desarrollo.",No es desarrollo: es trabajo de levantamiento y análisis BPMN para mejorar la especificación funcional. Conecta con el análisis SOLPED ya elaborado.,Profundizar el levantamiento del flujo SOLPED con participación de municipios y referencia explícita al Reglamento de Ley 19.886. El análisis SOLPED actual aborda parcialmente este punto pero requiere validación con DM y municipios piloto.
56,Integración Mercado Público,"Se debe incorporar integración con Mercado Público, de manera que cuando se genere la OC en el portal sea cargada directo a SGM, y no tenga que digitar el funcionario municipal, induciendo a errores. Además el SGM debe incorporar OC menores a 3 UTM.",DM,Sí,Retroalimentación,Moderado,Sí,,,,,,8,16,16,60,8,12,120,3,Total ~120 hh: integración API + lógica de sincronización.,2,Adquisiciones + módulo de integraciones.,3,Integración externa con flujo crítico.,1,API pública de ChileCompra/Mercado Público.,2,"Requiere acuerdo formal con ChileCompra (token API, términos de uso).",3,Desarrollo Python estándar + servicio de sincronización (cron o webhook).,14,Licitación,P3 · Postergar a nuevo stack,"Es parte del lote grande de integración con Mercado Público (junto con ítems #1, #17, #20). La integración real con MP conviene resolverla en el nuevo stack con arquitectura limpia.",Integración bidireccional con MP: webhook o polling para detectar OC generadas en portal MP y cargarlas automáticamente en SGM. Modelado de OC menores a 3 UTM (que no pasan por MP) como caso aparte.,"Servicio de integración con API de Mercado Público que sincronice OC automáticamente (webhook si está disponible, polling como fallback). Para compras menores a 3 UTM (que no pasan por MP), formulario directo en SGM con marca legal correspondiente."
57,Impresión de documentos,El sistema genera documentos sin firma electrónica (ni simple ni avanzada). Permite imprimir incluso sin aprobaciones.,DM,Sí,Visibilidad,Crítico,Sí,,,,,,0,0,0,0,0,0,0,0,Sin horas propias: trabajo imputado al ítem #7.,0,Ver ítem #7.,0,Ver ítem #7.,0,Ver ítem #7.,0,Ver ítem #7.,0,Ver ítem #7.,0,Duplicado,Duplicado,DM confirma de forma independiente el problema del ítem #7 (firmas electrónicas). Refuerza criticidad. Las horas se contabilizan solo en el ítem #7.,Duplicado conceptual del ítem #7 interno (FirmaGob). Mismo problema: ausencia de firma electrónica en documentos formales del proceso.,Ver ítem #7 interno. Se consolida en el lote de FirmaGob.
58,Roles y permisos,Se debe configurar los distintos roles y permisos de los funcionarios involucrados en el proceso.,DM,Sí,Elementos faltantes,Crítico,Sí,,,,,,8,16,0,0,0,0,24,1,Total ~24 hh de análisis y especificación; la implementación se imputa a los ítems específicos.,4,Transversal a todos los módulos de SGM.,1,"Es definición, no implementación.",0,Sin integración.,0,Sin gestión externa.,1,Trabajo de PO y Analista funcional.,7,Análisis transversal,P0 · Crítico para piloto,"Sin matriz de roles definida y validada, ningún módulo de SGM puede sostenerse. Es prerrequisito de los ítems #5, #9, #10, #15, #47 internos. Documento transversal del proyecto.","Es trabajo principalmente de análisis: definir la matriz transversal de roles y permisos por proceso. La implementación posterior se reparte entre los ítems específicos (5, 9, 10, 47, etc.).","Construir y formalizar matriz transversal de roles y permisos (Funcionario, Jefe Unidad, DAF, Administrador, etc.) y mapearla a record rules y grupos Odoo. Documento maestro que sirve para todos los módulos."
59,Integración con Inventario,"El módulo de Adquisiciones al generar la Recepción Conforme de bienes debe integrarse con el módulo de Inventario, a fin de que se realice el ingreso a la Bodega de la Municipalidad y el Alta del Bien recepcionado.",DM,No,Retroalimentación,Moderado,Sí,,,,,,4,4,2,20,4,6,40,2,Total ~40 hh: integración entre módulos.,2,Adquisiciones + Inventario.,3,Cambio en flujo entre módulos.,0,Integración interna.,0,Sin gestión externa.,3,Desarrollo Python estándar + manejo de errores entre módulos.,10,Por evaluar,P2 · UX deseable,"Conectado al lote del módulo Inventario, que aún no es prioridad del piloto. Mientras tanto, el registro manual es viable. Lote con ítems #35, #36.","Integración entre módulos: al confirmar Recepción Conforme, generar automáticamente movimiento de ingreso en Inventario con los datos del producto y cantidad.","Trigger en Recepción Conforme que crea automáticamente movimiento de ingreso en Inventario. Para activos fijos, además crear Alta del Bien. Manejo de error si Inventario no responde."
60,Integración con Inventario,Cuando se seleccione un producto se debe desplegar un popup que muestre las existencias indicadas en el módulo de Inventario.,DM,No,Retroalimentación,Menor,Sí,,,,,,1,2,0,6,2,1,12,1,Total ~12 hh: widget de consulta.,2,Adquisiciones + Inventario.,2,Lógica acotada.,0,Integración interna.,0,Sin gestión externa.,2,Widget + endpoint de consulta.,7,Interno,P2 · UX deseable,UX deseable que evita compras innecesarias. Depende del módulo Inventario. Lote con #12 DM.,Widget que al seleccionar producto en SOLPED hace consulta a Inventario y muestra stock disponible y comprometido.,"Al seleccionar producto en línea de SOLPED, mostrar popup o badge con stock disponible y comprometido. Si el ítem no es de stock (servicio), no mostrar."
61,Integración FirmaGob (l10n_cl_gob_firmadigital),"El parámetro ""entity"" del payload de firma está hardcodeado como ""Subsecretaría General de la Presidencia"" (dms_file.py:126). Toda firma de cualquier municipio se emite declarando esa entidad, no la municipalidad firmante.",Interno,Sí,Flujo,Crítico,Sí,Anexo N°13 - punto 1.4 letra a,Las solicitudes deben ser aprobadas electrónicamente por las unidades correspondientes. Firmar declarando una entidad incorrecta vicia la validez del acto.,,,04/06,2,2,0,4,0,2,10,1,"Total ~10 hh: parametrizar entity desde compañía/municipio. Cambio acotado, sin desarrollo arquitectónico.",1,Solo módulo l10n_cl_gob_firmadigital (campo de payload).,2,Cambio en construcción del payload de firma; bajo riesgo si se parametriza desde res.company.,1,Mismo endpoint FirmaGob ya en uso; solo cambia un campo del payload.,0,Sin gestión externa.,1,Reemplazar literal por campo configurable (res.company o res.users).,6,Interno,P0 · Crítico para piloto,"Hallazgo de auditoría de código FirmaGob, complementa ítem 7. Trivial de corregir pero invalidante jurídicamente: cada municipio firmaría como SEGPRES. Debe resolverse antes de cualquier firma en producción.","Reemplazar el literal ""Subsecretaría General de la Presidencia"" (dms_file.py:126) por un campo configurable por municipio (res.company.firmagob_entity o equivalente). Validar que el valor coincida con la entidad registrada ante FirmaGob para cada municipalidad.","El nombre de entidad enviado a FirmaGob debe corresponder a la municipalidad firmante, configurado por compañía y no hardcodeado. Validación que impida firmar si la entidad no está configurada para el municipio activo."
62,Integración FirmaGob (l10n_cl_gob_firmadigital),"No existe UI, wizard ni coordenadas (llx, lly, urx, ury, página) para posicionar la firma en el documento. El payload solo envía content-type, content, description y checksum (dms_file.py:145-154). La plataforma permite subir cualquier PDF y firmar en modo desatendido, delegando 100% a FirmaGob dónde y cómo estampar la firma.",Interno,No,Elementos faltantes,Moderado,Sí,,,,,04/06,8,16,8,40,16,8,96,3,Total ~96 hh: rango 40-120 hh. Wizard de posicionamiento + preview PDF interactivo + envío de coordenadas al payload.,1,Solo módulo l10n_cl_gob_firmadigital.,2,Cambio acotado al payload; el riesgo está en el componente UI de selección sobre el PDF.,1,FirmaGob ya acepta parámetros de posicionamiento; solo hay que enviarlos.,0,Sin gestión externa.,3,Componente OWL para seleccionar página/coordenadas sobre preview PDF; mapeo a parámetros de FirmaGob.,10,Por evaluar,P2 · UX deseable,"Hallazgo de auditoría de código FirmaGob, complementa ítem 7. Para documentos administrativos reales (decretos, resoluciones con firma en lugar específico, múltiples firmantes en posiciones distintas) la ausencia de posicionamiento es limitación funcional, no cosmética. Si se opta por firma simple en posición fija puede bajar a Interno; el posicionamiento configurable completo conviene evaluarlo para el nuevo stack.","Agregar componente de posicionamiento: preview del PDF donde el usuario elige página y coordenadas de la firma, mapeadas a los parámetros llx/lly/urx/ury/page de FirmaGob. Alternativa mínima: posición fija configurable por tipo de documento. Soporte para múltiples firmantes en posiciones distintas.","El usuario debe poder definir dónde se estampa visualmente la firma (página y posición) antes de enviar a FirmaGob, con vista previa del documento. Para flujos con múltiples firmantes, cada firma debe poder ubicarse en su posición correspondiente."
63,Integración FirmaGob (l10n_cl_gob_firmadigital),"Solo está implementada la firma desatendida. El segundo factor del firmante (OTP / firma atendida) existe únicamente como comentario en el código (dms_file.py:159), no implementado. No hay flujo para que el firmante valide la operación con su propio factor.",Interno,No,Elementos faltantes,Crítico,Sí,Anexo N°13 - punto 1.4 letra a,Las solicitudes deben ser aprobadas electrónicamente por las unidades que las aprueban. La firma desatendida sin segundo factor del firmante puede no satisfacer el estándar de firma avanzada (Ley 19.799) para ciertos actos.,,,04/06,4,8,4,24,8,8,56,3,Total ~56 hh: rango 40-120 hh. Flujo de firma atendida con manejo de OTP y estados intermedios de espera.,1,Solo módulo l10n_cl_gob_firmadigital.,3,Introduce estados intermedios (espera de OTP) en el flujo de firma; cambio en el motor de estados de firma.,2,"Requiere manejo del segundo factor según especificación FirmaGob (header OTP, tiempos de expiración).",1,Depende de habilitación de firma atendida ante FirmaGob para la entidad.,3,Flujo Python + UI para captura/gatillo de OTP y estados de espera.,13,Licitación,P1 · Control interno crítico,"Hallazgo de auditoría de código FirmaGob, complementa ítem 7. Determina qué tipo de actos pueden firmarse válidamente. La firma desatendida puede bastar para algunos documentos pero no para otros; definir con DAF/jurídico qué actos exigen firma atendida. Conecta con la integración FirmaGob completa que el ítem 7 propone para el nuevo stack.","Implementar el flujo de firma atendida: gatillar el segundo factor del firmante, manejar el header OTP (hoy solo comentado en dms_file.py:159), estados intermedios de espera y expiración. Definir por tipo de documento si requiere firma atendida o si basta la desatendida.","Para los actos que lo requieran, el firmante debe validar la operación con su propio segundo factor (OTP), no solo con las credenciales de entidad. El sistema debe distinguir, por tipo de documento, cuándo exige firma atendida y cuándo admite desatendida."
64,Integración FirmaGob (l10n_cl_gob_firmadigital) · Seguridad (transversal),"El flujo de firma registra en logs el token JWT y el payload parcial (dms_file.py:162-172), exponiendo secretos en agregadores de logs. Riesgo de filtración de credenciales en producción.",Interno,No,Flujo,Crítico,Sí,Decreto N°7/2023 (Seguridad de la Información),Norma técnica de seguridad de la información aplicable a SGM: no deben registrarse secretos ni credenciales en los logs.,,dms_file.py:162-172 (log.info expone token JWT),04/06,1,2,2,4,0,2,11,1,"Total ~11 hh: sanitizar logging. Cambio acotado, alto valor de seguridad.",1,Módulo l10n_cl_gob_firmadigital; patrón replicable a otros módulos que loguean.,1,Solo se reduce/sanitiza el logging; bajo riesgo de regresión.,0,Sin integración.,0,Sin gestión externa.,1,Eliminar/enmascarar token y secretos en sentencias de log; revisar nivel de log.,4,Interno,P1 · Control interno crítico,"Hallazgo de auditoría de código FirmaGob (transversal de seguridad, no exclusivo de Adquisiciones). Trivial de corregir. Relevante para cumplimiento del Decreto N°7/2023, que estaba ausente del EVALTIC. Distribuir a ficha de seguridad si corresponde.","Sanitizar el logging del flujo de firma: no registrar el token JWT ni secretos en claro (dms_file.py:162-172). Enmascarar credenciales, reducir el nivel de detalle del log de payload y revisar que el patrón no se repita en otros módulos.","Ningún secreto (token JWT, secret key, OTP) debe quedar registrado en claro en los logs de la plataforma. Logging de operaciones de firma limitado a metadatos no sensibles (id de documento, estado, timestamp)."
65,Integración FirmaGob (l10n_cl_gob_firmadigital) · Seguridad (transversal),"El endpoint de descarga GET /tupa/dms/file/<id>/download está configurado con auth=""public"" y el chequeo de access_token está comentado (main.py:22-28). Cualquiera que conozca o adivine el id del documento puede descargarlo sin autenticación.",Interno,Sí,Flujo,Crítico,Sí,Decreto N°7/2023 (Seguridad de la Información); Ley 21.719,Acceso no autenticado a documentos administrativos vulnera el control de acceso exigido por la norma de seguridad y la protección de datos personales contenidos en los documentos.,,"controllers/main.py:22-28 (auth=public, access_token comentado)",04/06,1,2,2,4,0,3,12,1,"Total ~12 hh: restaurar control de acceso del endpoint. Cambio acotado, crítico de seguridad.",1,Módulo l10n_cl_gob_firmadigital (controlador de descarga).,2,Cambio en autenticación del endpoint; validar que el flujo TUPA siga funcionando con token.,1,Afecta la ruta consumida por el flujo TUPA de firma.,0,Sin gestión externa.,2,"Reactivar verificación de access_token y/o cambiar auth a ""user""; ajustar el llamador.",7,Interno,P0 · Crítico para piloto,Hallazgo de auditoría de código FirmaGob (transversal de seguridad). Invalidante desde el punto de vista de seguridad: documentos administrativos descargables sin autenticación. Debe cerrarse antes del piloto. Distribuir a ficha de seguridad si corresponde.,"Restaurar el control de acceso del endpoint de descarga (main.py:22-28): reactivar la verificación de access_token comentada o cambiar auth a ""user"" y ajustar el flujo TUPA que lo consume para que provea el token válido.",La descarga de documentos debe requerir autenticación y/o un access_token válido y de un solo uso. No debe ser posible descargar un documento conociendo únicamente su id. Trazabilidad de quién descarga cada documento.
66,Modalidad de Compra,"Subproceso ""2. Modalidad de Compra"" está implementado en Odoo como un único modelo/vista genérico aplicado indistintamente a las 4 modalidades de compra (Compra Ágil, Convenio Marco, Licitación, Trato Directo), cuando en la práctica cada modalidad requiere campos, validadores y loops de aprobación propios: Licitación exige Comisión Evaluadora (conformación, decreto, publicación, sesión con registro Lobby, acta) y publicación en Mercado Público; Trato Directo exige Decreto Alcaldicio fundado (Jurídica + Alcaldía) en vez de evaluación de ofertas; Compra Ágil y Convenio Marco comparten un esqueleto simple sin ninguno de los dos. Hoy el sistema no distingue estos caminos: se puede avanzar cualquier modalidad sin las validaciones que le corresponden.",Interno,Sí,Elementos faltantes,Crítico,Sí,,,,,01/07,16,24,24,64,16,24,168,3,"Total ~168 hh: rango 40-120 hh por modalidad divergente, pero al sumar el análisis transversal (levantamiento de los 4 caminos) más el rediseño de vista condicional, el conjunto escala a 120-320 hh (valor 4 según ancla ítem #1 catálogo). No incluye el parche P0 (ver Mejora propuesta), que se trata como solución transitoria de horas menores aparte.",3,"Adquisiciones (núcleo); impacto en Recepción Conforme y Resolución de Compra, que heredan el mismo problema de generalización.",3,Cambio al modelo central del flujo de compra; alto riesgo de romper las 4 modalidades si se modifica sin separar primero los caminos.,1,"Licitación requiere integración real con Mercado Público para publicación (hoy solo campo de texto libre con ID, sin distinguir bases de resolución de adjudicación).",0,"Sin gestión externa formal más allá de Mercado Público, ya cubierta en catálogo (ítem #1).",4,"Diseño arquitectónico nuevo: requiere modelo condicional o modelos separados por modalidad, con vistas, validadores y flujos de aprobación propios para cada una.",18,Licitación,P0 · Crítico para piloto,"Sobre-simplificar 2 de 4 modalidades de compra en un solo proceso es un riesgo de validación con Contraloría (art. 8 y siguientes del Reglamento Ley 19.886 exige tratamiento diferenciado por modalidad) y de rechazo en la validación con DM/municipios piloto. El rediseño completo excede la capacidad del equipo interno actual y va a licitación. Para el piloto, se define un parche mínimo (ver Mejora propuesta) que no resuelve el problema de fondo pero evita que el piloto avance sin ningún control diferenciado.","Doble tratamiento: (1) Parche transitorio P0 — ver Mejora propuesta; (2) Rediseño completo — licitación, Etapa 1 del roadmap de migración, usando Adquisiciones como módulo template.","Parche P0 transitorio: agregar campo obligatorio de carga de documento con firmas correspondiente a la validación mínima de cada modalidad (ej. constancia de Comisión Evaluadora firmada para Licitación, Decreto Alcaldicio firmado para Trato Directo) como requisito para avanzar de '2. Modalidad de Compra' a '3. Resolución de Compra'. No reemplaza el flujo, solo fuerza evidencia documental antes de continuar. Horas pendientes de estimar tras definir el mecanismo exacto de validación (campo condicional por modalidad + regla de bloqueo). Solución completa (licitación): modelo o vistas separadas por modalidad, con campos, validadores y loops de aprobación propios para cada una; evaluar en el levantamiento si Compra Ágil + Convenio Marco pueden homologarse en una sola vista (comparten esqueleto) mientras Licitación y Trato Directo requieren vistas propias."
67,Resolución de Compra,"Subproceso ""3. Resolución de Compra"" tiene el mismo problema que el ítem #66 pero un paso más adelante en el flujo: está implementado como un único modelo/vista genérico para las 4 modalidades, sin distinguir que Licitación requiere Resolución de Adjudicación (Monto Real) posterior a evaluación de ofertas y publicación en Mercado Público, Trato Directo requiere Decreto Alcaldicio fundado, y Compra Ágil/Convenio Marco no requieren resolución formal adicional más allá de la Orden de Compra. Es un hallazgo distinto del ítem #66 porque el subproceso en sí es otro (ocurre después de Modalidad de Compra) y su solución completa probablemente no es homologable con la del ítem #66, aunque comparte la misma causa raíz de diseño.",Interno,Sí,Elementos faltantes,Crítico,Sí,,,,,01/07,12,20,20,56,12,20,140,3,"Total ~140 hh: rango 40-120 hh por modalidad individual, escalando a valor 3-4 combinado por la necesidad de levantamiento comparativo entre las 4 modalidades antes de definir el modelo. Menor que ítem #66 porque Resolución de Compra tiene menos pasos internos que Modalidad de Compra, pero mantiene la misma complejidad de diseño.",3,"Adquisiciones (núcleo); impacto directo en Recepción Conforme y en el devengo/pago aguas abajo, que hoy asumen una Resolución de Compra uniforme.",3,Cambio al modelo central del flujo; alto riesgo de romper el paso a Recepción Conforme y Registro de Devengado si se modifica sin separar primero los caminos.,1,"Publicación de Resolución en Mercado Público (Licitación) no está integrada: solo campo de texto libre para ID, sin distinguir bases de resolución de adjudicación.",0,Sin gestión externa formal adicional a la ya cubierta en Mercado Público.,4,"Diseño arquitectónico nuevo: modelo condicional o modelos separados por modalidad, con validadores y documentos de resolución propios para cada una (Resolución de Adjudicación vs. Decreto Alcaldicio vs. sin resolución formal).",17,Licitación,P0 · Crítico para piloto,"Misma exposición normativa y de validación con DM que el ítem #66: una Resolución de Compra genérica no refleja el tratamiento diferenciado que exige el Reglamento de la Ley 19.886 según modalidad. Se trata como ítem transversal separado (no sub-ítem de #66) porque el subproceso, su ubicación en el flujo y su solución completa son distintos, aunque comparten causa raíz y quedan en la misma licitación (Etapa 1).","Doble tratamiento: (1) Parche transitorio P0 — ver Mejora propuesta; (2) Rediseño completo — licitación, Etapa 1 del roadmap de migración, mismo levantamiento que ítem #66.","Parche P0 transitorio: mismo mecanismo que ítem #66 — documento con firmas correspondiente (Resolución de Adjudicación firmada, Decreto Alcaldicio firmado, o N/A para Compra Ágil/Convenio Marco) como requisito obligatorio para avanzar de '3. Resolución de Compra' a '4. Recepción Conforme'. Horas pendientes de estimar tras definir el mecanismo exacto. Solución completa (licitación): documentar en el mismo levantamiento del ítem #66 si Resolución de Compra debe modelarse junto con Modalidad de Compra (un solo modelo por modalidad que cubra ambos subprocesos) o si conviene mantenerlos separados; la Guía de BPMN sugiere evaluarlo con el criterio de profundidad interna (A.2, Parte B) antes de decidir."
